Name,Count
All,53096
javascript,5822
java,4638
android,4090
php,3996
c#,3689
python,3398
jquery,2529
html,2296
ios,1961
angularjs,1737
css,1717
c++,1573
mysql,1335
sql,1091
r,1082
node.js,1071
swift,1062
json,945
arrays,923
ruby-on-rails,802
sql-server,746
asp.net,688
c,625
excel,609
wordpress,600
objective-c,585
ajax,568
asp.net-mvc,523
django,523
ruby,517
.net,510
angular2,499
regex,488
xml,485
vba,474
mongodb,469
spring,467
database,436
reactjs,409
android-studio,402
python-3.x,392
twitter-bootstrap,389
windows,388
python-2.7,379
mysq,376
wpf,376
inux,366
excel-vba,358
firebase,358
xcode,351
htm,341
html5,331
oracle,325
visual-studio,321
bash,316
scala,306
amazon-web-services,302
eclipse,293
matlab,284
string,276
vb.net,273
apache,272
apache-spark,272
osx,271
multithreading,270
api,269
image,268
algorithm,261
forms,261
css3,258
pandas,258
javascrip,249
postgresql,248
facebook,246
selenium,246
.htaccess,236
maven,234
azure,232
laravel,229
rest,229
cordova,228
csv,228
ionic-framework,228
hibernate,225
it,225
entity-framework,223
linux,223
opencv,218
elasticsearch,217
codeigniter,212
xamarin,212
winforms,207
swif,200
iphone,199
docker,198
ubuntu,198
google-maps,196
visual-studio-2015,194
hadoop,191
performance,191
sq,187
web-services,187
function,184
express,180
date,179
unity3d,178
unit-testing,177
android-fragments,176
symfony2,176
sockets,174
qt,169
file,168
powershell,168
ruby-on-rails-4,168
sqlite,165
http,164
dataframe,163
numpy,163
spring-mvc,162
linq,159
dictionary,158
loops,157
jenkins,156
list,156
shell,155
ssl,155
email,154
listview,150
d3.js,148
uitableview,147
datetime,146
selenium-webdriver,145
google-chrome,144
batch-file,143
react-native,143
class,142
validation,142
meteor,140
authentication,139
c++11,135
jsp,132
laravel-5.2,132
web,131
asp.net-web-api,126
laravel-5,126
animation,123
javafx,123
networking,123
nginx,123
swift2,123
android-layout,122
xaml,122
firebase-database,120
pdf,119
user-interface,118
asp.ne,117
intellij-idea,117
amazon-s3,116
server,116
ssh,116
sorting,115
video,115
gradle,114
uwp,113
typescript,112
asp.net-mvc-4,111
machine-learning,111
macros,110
swing,110
iis,109
jsf,109
jpa,108
matplotlib,108
mysqli,108
npm,108
ms-access,107
oop,107
xamarin.forms,107
unix,106
magento,105
woocommerce,105
canvas,104
security,104
asynchronous,103
soap,103
aravel,102
facebook-graph-api,102
model-view-controller,102
matrix,101
variables,101
vb.ne,101
join,99
webpack,99
wcf,98
stored-procedures,97
ggplot2,95
o,95
sql-server-2008,95
encryption,94
generics,94
spring-boot,94
flask,93
search,93
github,92
heroku,91
jdbc,91
amazon-ec2,90
checkbox,90
mod-rewrite,90
inheritance,89
curl,88
recyclerview,88
redux,87
ember.js,86
exce,86
templates,86
asp.net-core,85
dom,85
larave,85
pointers,85
twitter-bootstrap-3,85
audio,84
charts,84
ecmascript-6,84
reporting-services,84
xm,84
cookies,82
firefox,82
google-maps-api-3,82
iframe,82
session,82
ypescript,82
arduino,81
math,81
mongoose,81
plot,81
c#-4.0,80
for-loop,80
url,80
xamarin.android,80
cassandra,79
pdo,79
realm,79
wordpress-plugin,79
postgresq,78
xpath,78
optimization,77
delphi,76
if-statement,76
mobile,76
push-notification,76
recursion,76
razor,75
svg,75
vector,75
jquery-ui,74
makefile,74
servlets,74
memory,73
webview,73
angularjs-directive,72
datagridview,72
google-chrome-extension,72
image-processing,72
redirect,72
caching,71
perl,71
pyspark,71
table,71
testing,71
parsing,70
scikit-learn,70
serialization,70
button,69
datatable,69
highcharts,69
hive,69
angular-ui-router,68
debugging,68
https,68
cakephp,67
design-patterns,67
primefaces,67
strin,67
symfony3,67
tensorflow,67
tomcat,67
excel-formula,66
bluetooth,65
data-structures,65
events,65
gridview,65
merge,65
mvvm,65
parse.com,65
spring-boo,65
yii2,65
java-ee,64
plugins,64
powershe,64
proxy,64
dns,63
exception,63
graph,63
neo4j,63
netbeans,63
object,63
phpmyadmin,63
assembly,62
filter,62
go,62
raspberry-pi,62
visual-studio-2013,62
asp.net-mvc-5,61
awk,61
internet-explorer,61
lambda,61
ms-word,61
oauth,61
permissions,61
service,61
tsq,61
cmd,60
django-models,60
outlook,60
paypal,60
post,60
solr,60
multidimensional-array,59
access,58
gcc,58
random,58
spring-security,58
time,58
xamarin.ios,58
android-activity,57
file-upload,57
google-app-engine,57
gulp,57
ssis,57
sv,57
tkinter,57
web-applications,57
design,56
foreach,56
ftp,56
notifications,56
twitter,56
haskell,55
java-8,55
sass,55
socket.io,55
sql-server-2012,55
cmake,54
i,54
shiny,54
websocket,54
windows-10,54
build,53
datatables,53
replace,53
web-scraping,53
automation,52
cuda,52
firebase-authentication,52
logging,52
mapreduce,52
tsql,52
unicode,52
ibm-bluemix,51
playframework,51
scrapy,51
sortin,51
youtube,51
activerecord,50
git,50
promise,50
redis,50
safari,50
winapi,50
android-gradle,49
bigdata,49
entity-framework-6,49
extjs,49
hash,49
jar,49
multithreadin,49
neural-network,49
witter-bootstrap,49
android-intent,48
compilation,48
core-data,48
enums,48
jasmine,48
login,48
oauth-2.0,48
polymer,48
select,48
text,48
arraylist,47
controller,47
debian,47
ffmpeg,47
input,47
kendo-ui,47
oogle-chrome,47
opengl,47
per,47
protractor,47
routes,47
uiview,47
xcode7,47
xslt,47
ansible,46
beautifulsoup,46
camera,46
colors,46
django-rest-framework,46
dll,46
ionic2,46
react-router,46
sonarqube,46
svn,46
utf-8,46
access-vba,45
calendar,45
database-design,45
ubuntu-14.04,45
android-viewpager,44
angular-materia,44
apache-kafka,44
architecture,44
datagrid,44
dependency-injection,44
drag-and-drop,44
drop-down-menu,44
ensorflow,44
jackson,44
jmeter,44
plsql,44
active-directory,43
android-volley,43
asp.net-core-mvc,43
cur,43
deployment,43
flexbox,43
google-analytics,43
google-api,43
jboss,43
module,43
oracle11g,43
parameters,43
tcp,43
visual-c++,43
android-recyclerview,42
cron,42
group-by,42
import,42
joomla,42
pip,42
responsive-design,42
sed,42
sharepoint,42
she,42
uiscrollview,42
uiviewcontroller,42
unity5,42
webforms,42
ckeditor,41
combobox,41
datepicker,41
dynamic,41
fonts,41
instagram,41
interface,41
lis,41
methods,41
mongodb-query,41
timer,41
uicollectionview,41
android-asynctask,40
asp.net-web-api2,40
centos,40
collections,40
devise,40
jsf-2,40
junit,40
knockout.js,40
material-design,40
pagination,40
parallel-processing,40
pygame,40
rails,40
scipy,40
view,40
wso2,40
zend-framework,40
browser,39
concurrency,39
eloquen,39
io,39
mocha,39
oogle-app-engine,39
scope,39
base64,38
cocoa,38
constructor,38
cordova-plugins,38
kubernetes,38
msbuild,38
rabbitmq,38
sqlalchemy,38
sqlite3,38
3d,37
autocomplete,37
cakephp-3.0,37
encoding,37
groovy,37
indexing,37
instagram-api,37
location,37
nlp,37
nullpointerexception,37
openerp,37
orm,37
printing,37
ruby-on-rails-3,37
seo,37
xampp,37
android-layou,36
bitmap,36
computer-vision,36
cors,36
crystal-reports,36
elixir,36
emai,36
oogle-maps,36
oracle11,36
q,36
reference,36
three.js,36
types,36
actionscript-3,35
appcelerator,35
boost,35
cocoapods,35
command-line,35
data.table,35
download,35
dplyr,35
fortran,35
hyperlink,35
reflection,35
uinavigationcontroller,35
webdriver,35
xsd,35
angular-ui-bootstrap,34
frameworks,34
google-play,34
graphics,34
ios9,34
jquery-mobile,34
keyboard,34
layout,34
memory-leaks,34
nested,34
path,34
pos,34
rxjs,34
sharepoint-2013,34
statistics,34
time-series,34
tree,34
triggers,34
while-loop,34
wifi,34
yii,34
callback,33
gps,33
ithub,33
listbox,33
menu,33
objec,33
oogle-analytics,33
queue,33
scroll,33
vagrant,33
chart.js,32
compiler-errors,32
configuration,32
docker-compose,32
emacs,32
flash,32
hdfs,32
html5-canvas,32
if-statemen,32
jersey,32
mono,32
spark-dataframe,32
static,32
struct,32
udp,32
url-rewritin,32
vim,32
aggregation-framework,31
angularjs-scope,31
aurelia,31
background,31
bootstrap-moda,31
cloud,31
copy,31
data-binding,31
doctrine2,31
google-cloud-messaging,31
google-spreadshee,31
grails,31
hashmap,31
header,31
installation,31
jasper-reports,31
karma-jasmine,31
libgdx,31
logstash,31
mean-stack,31
plsq,31
properties,31
struts2,31
sublimetext3,31
upload,31
virtual-machine,31
vscode,31
apache-poi,30
appium,30
asp.net-identity,30
c++14,30
directory,30
electron,30
google-cloud-messagin,30
gruntjs,30
ldap,30
nativescrip,30
opengl-es,30
operating-system,30
pycharm,30
sails.js,30
spring-data-jpa,30
sum,30
transactions,30
vue.js,30
website,30
akka,29
arraylis,29
binding,29
count,29
crash,29
get,29
ipad,29
jenkins-plugins,29
laravel-4,29
magento-1.9,29
migration,29
polymer-1.0,29
range,29
rstudio,29
sas,29
sql-server-2014,29
usb,29
visual-studio-2012,29
xam,29
xs,29
.ne,28
automated-tests,28
continuous-integration,28
drupal,28
drupal-7,28
error-handling,28
initialization,28
jira,28
laravel-5.1,28
mockito,28
numbers,28
odoo-8,28
oogle-apps-script,28
owin,28
parsin,28
passwords,28
process,28
python-requests,28
radle,28
redirec,28
res,28
retrofit2,28
rotation,28
rspec,28
sdk,28
swin,28
synchronization,28
webrtc,28
windows-phone-8.1,28
cryptography,27
django-views,27
ffmpe,27
firebase-cloud-messagin,27
frontend,27
grep,27
gson,27
internet-explorer-11,27
ist,27
jaxb,27
jqgrid,27
kendo-grid,27
lucene,27
ms-office,27
pivot-table,27
python-3.5,27
rx-java,27
selec,27
smtp,27
swagger,27
terminal,27
vb6,27
win-universal-app,27
zip,27
adb,26
alamofire,26
android-ndk,26
backbone.js,26
binary,26
caffe,26
eclipse-plugin,26
geolocation,26
google-cloud-storage,26
ide,26
javascript-events,26
jax-rs,26
mariadb,26
model,26
printin,26
pyqt,26
responsive,26
spring-data,26
stream,26
subprocess,26
tfs,26
timestamp,26
uibutton,26
user,26
vs-team-services,26
youtube-api,26
certificate,25
clojure,25
cocoa-touch,25
com,25
d,25
data-bindin,25
garbage-collection,25
handlebars.js,25
hbase,25
jupyter-notebook,25
kibana,25
office365,25
orientdb,25
salesforce,25
sapui5,25
ssl-certificate,25
tabs,25
ua,25
vbscript,25
virtualbox,25
web-scrapin,25
amazon,24
amazon-dynamodb,24
android-6.0-marshmallow,24
android-animation,24
apple,24
attributes,24
autolayout,24
cluster-analysis,24
codenameone,24
command,24
command-line-interface,24
connection,24
console,24
coordinates,24
data-visualization,24
db2,24
devexpress,24
ember-cli,24
functional-programming,24
google-bigquery,24
google-play-services,24
grid,24
jframe,24
jvm,24
layou,24
mocking,24
navigation,24
networkin,24
osx-elcapitan,24
package,24
phantomjs,24
sprin,24
uiwebview,24
uwp-xam,24
.net-core,23
aggregate,23
angular2-directives,23
angular2-template,23
containers,23
elastic-beanstalk,23
embedded,23
google-cloud-platform,23
html-table,23
ip,23
jade,23
maps,23
onclick,23
parse-server,23
phoenix-framework,23
polymorphism,23
popup,23
position,23
react-redux,23
rubygems,23
sh,23
single-page-application,23
treeview,23
vbscrip,23
vsto,23
weblogic,23
windows-services,23
zend-framework2,23
ant,22
arguments,22
build.gradle,22
components,22
composer-php,22
cypher,22
dependencies,22
doctrine,22
ember-data,22
file-io,22
find,22
foreign-keys,22
fs,22
gitlab,22
http-headers,22
ibm,22
in-app-purchase,22
integer,22
magento2,22
many-to-many,22
microservices,22
nosql,22
ogging,22
out-of-memory,22
protocols,22
routing,22
scriptin,22
stack,22
subquery,22
syntax,22
testn,22
textbox,22
tomca,22
version-control,22
webstorm,22
window,22
x86,22
.net-core-rc2,21
aes,21
android-edittext,21
android-service,21
apache-spark-sql,21
apk,21
arm,21
associations,21
aws-sdk,21
binary-tree,21
character-encoding,21
cloudera,21
cxf,21
database-connection,21
deserialization,21
dojo,21
duplicates,21
excel-2010,21
formula,21
hybrid-mobile-app,21
install,21
java-stream,21
jupyter,21
kotlin,21
omcat,21
oogle-bigquery,21
pdf-generation,21
qt5,21
report,21
resources,21
routin,21
row,21
save,21
selenium-chromedriver,21
singleton,21
slider,21
spark-streamin,21
sprite-kit,21
telerik,21
typescrip,21
unit-testin,21
vaadin,21
visual-studio-2010,21
web-crawler,21
webserver,21
wordpress-themin,21
xmpp,21
ypescrip,21
admob,20
android-camera,20
android-permissions,20
annotations,20
ansible-playbook,20
apache-camel,20
aws-lambda,20
azure-active-directory,20
azure-web-sites,20
bots,20
chef,20
compare,20
django-forms,20
dynamics-crm,20
fullcalendar,20
ge,20
global-variables,20
gstreamer,20
imageview,20
inno-setup,20
linkedin,20
localization,20
log4j,20
office-js,20
oracle-sqldeveloper,20
progress-bar,20
push,20
python-3.4,20
resize,20
sap,20
serial-port,20
single-sign-on,20
spli,20
spring-integration,20
sql-update,20
tags,20
user-controls,20
wildfly,20
android-edittex,19
asp-classic,19
bower,19
cachin,19
cc,19
codeigniter-3,19
coldfusion,19
concatenation,19
constraints,19
cursor,19
cygwin,19
debuggin,19
deep-learning,19
driver,19
eloquent,19
entity-framework-core,19
fabricjs,19
facebook-javascript-sdk,19
google-drive-sdk,19
google-spreadsheet,19
google-visualization,19
haske,19
impor,19
insert,19
jenkins-pipeline,19
jms,19
kernel,19
kivy,19
marklogic,19
memory-management,19
momentjs,19
mule,19
namespaces,19
navigation-drawer,19
nightwatch.js,19
nltk,19
ocr,19
phpmailer,19
protocol-buffers,19
raspberry-pi2,19
registry,19
return,19
roovy,19
ruby-on-rails-5,19
shader,19
sharedpreferences,19
signalr,19
task,19
tex,19
themes,19
timezone,19
updates,19
video-streaming,19
wix,19
anaconda,18
android-inten,18
android-notifications,18
automapper,18
avplayer,18
azure-service-fabric,18
closures,18
cocos2d-x,18
compression,18
cross-platform,18
datastax,18
display,18
dropdown,18
eclipselink,18
error-handlin,18
f#,18
glassfish,18
google-apps-script,18
icons,18
ipython,18
javafx-8,18
jhipster,18
json.ne,18
line,18
linked-lis,18
listener,18
lodash,18
markdown,18
match,18
odata,18
phpunit,18
pymongo,18
pyqt4,18
requirejs,18
runtime,18
rust,18
sequelize.js,18
sms,18
sqoop,18
ss,18
streaming,18
subdomain,18
subse,18
thymeleaf,18
time-complexity,18
token,18
ulp,18
visualization,18
websocke,18
xquery,18
alfresco,17
android-espresso,17
android-mediaplayer,17
android-webview,17
angular-ui-grid,17
angular2-routin,17
apache-flink,17
appcelerator-titanium,17
append,17
arduino-uno,17
autolayou,17
avfoundation,17
babeljs,17
backup,17
ble,17
broadcastreceiver,17
classification,17
console-application,17
css-animations,17
delegates,17
django-templates,17
documentation,17
eclipse-rcp,17
exception-handling,17
expression,17
filesystems,17
firebase-storage,17
floating-point,17
g++,17
google-maps-markers,17
google-places-api,17
gpu,17
gzip,17
hadoop2,17
image-processin,17
imagemagick,17
iterator,17
jetty,17
label,17
leafle,17
logic,17
lua,17
marklogic-8,17
mfc,17
mingw,17
monitoring,17
multiprocessing,17
mysql-workbench,17
null,17
observable,17
oogle-chrome-extension,17
openssl,17
order,17
paypa,17
phonegap-plugins,17
pipe,17
plo,17
plotly,17
pyqt5,17
quartz-scheduler,17
query-optimization,17
radio-button,17
rdf,17
regression,17
shared-libraries,17
sitecore,17
sparql,17
switch-statemen,17
travis-ci,17
uitextfield,17
vectorization,17
vmware,17
windows-10-universa,17
windows-7,17
windows-runtime,17
yarn,17
adobe,16
aem,16
aggregate-functions,16
analytics,16
android-emulator,16
angularfire,16
apache-spark-mllib,16
apache-spark-sq,16
arave,16
aravel-5,16
blob,16
browserify,16
bytearray,16
castin,16
casting,16
celery,16
char,16
clang,16
cluster-computing,16
content-management-system,16
css-selectors,16
digital-ocean,16
dockerfile,16
drools,16
e-commerce,16
ejb,16
elk-stack,16
emplates,16
esting,16
export-to-csv,16
facebook-login,16
flask-sqlalchemy,16
game-engine,16
http-status-code-404,16
igraph,16
indexin,16
inpu,16
inux-kernel,16
jni,16
jquery-plugins,16
jquery-validate,16
jtable,16
liferay,16
local-storage,16
media-queries,16
ms-access-2010,16
nhibernate,16
nodes,16
notepad++,16
octave,16
odbc,16
opencv3.0,16
openmp,16
outlook-addin,16
passport.js,16
persistence,16
raspbian,16
retrofi,16
rus,16
schema,16
segue,16
share,16
sharepoin,16
soapui,16
sprite-ki,16
sql-server-2008-r2,16
ssrs-2008,16
stanford-nlp,16
storage,16
storyboard,16
tableview,16
tomcat7,16
uiimageview,16
url-rewriting,16
vhdl,16
wamp,16
websphere,16
xml-parsing,16
android-bluetooth,15
angularjs-ng-repeat,15
apache-pi,15
async-awai,15
atom-editor,15
authorization,15
buffer,15
centos7,15
chai,15
client,15
combinations,15
couchbase,15
couchdb,15
counter,15
crm,15
cross-validation,15
double,15
environment-variables,15
excel-2013,15
firefox-addon,15
fragment,15
google-analytics-api,15
google-signin,15
hex,15
hree.js,15
html5-video,15
ipv6,15
ipython-notebook,15
jax-ws,15
kerberos,15
left-join,15
linked-list,15
lxm,15
matlab-figure,15
mediawiki,15
microsoft-edge,15
moodle,15
mvc5,15
nfc,15
openlayers-3,15
payment-gateway,15
phpstorm,15
playframework-2.0,15
postgresql-9.3,15
qt-creator,15
real-time,15
remote-access,15
request,15
reshape,15
retrofit,15
rmarkdown,15
runtime-error,15
sbt,15
scheduled-tasks,15
scripting,15
scro,15
segmentation-fault,15
simulink,15
snmp,15
softlayer,15
spring-batch,15
sql-azure,15
ssas,15
stl,15
svm,15
torch,15
uibezierpath,15
vaadin7,15
value,15
voip,15
windows-phone-8,15
wsdl,15
wso2-am,15
x86-64,15
xcode7.3,15
xib,15
xml-parsin,15
xmlhttpreques,15
adapter,14
alarmmanager,14
android-toolbar,14
apple-push-notifications,14
azure-storage-blobs,14
bigcommerce,14
binary-search-tree,14
boolean,14
botframework,14
came,14
capybara,14
case,14
collision-detection,14
csrf,14
cucumber,14
cython,14
dart,14
drupal-8,14
dynamic-programmin,14
echo,14
exec,14
firebase-security,14
formatting,14
full-text-search,14
geometry,14
google-apps-scrip,14
group,14
iis-7,14
ip-address,14
iteration,14
itextsharp,14
jsf-2.2,14
key,14
linker,14
linux-kernel,14
malloc,14
modal-dialo,14
mpi,14
multiprocessin,14
nu,14
okhttp,14
openldap,14
openshif,14
openstack,14
override,14
paypal-sandbox,14
picasso,14
playframework-2.5,14
polygon,14
port,14
powerpoint,14
precision,14
prediction,14
preg-replace,14
prestashop,14
prism,14
qml,14
raspberry-pi3,14
rdd,14
rename,14
reverse-proxy,14
rsa,14
sb,14
screen,14
search-engine,14
shopify,14
signals,14
spinner,14
split,14
syntax-error,14
teamcity,14
teradata,14
thread-safety,14
toggle,14
toolbar,14
transform,14
tuples,14
twig,14
vlookup,14
wampserver,14
wsd,14
xamarin-studio,14
64bit,13
activemq,13
afnetworkin,13
amazon-cognito,13
android-sqlite,13
android-textview,13
angular-promise,13
app-store,13
applet,13
artificial-intelligence,13
asp.net-core-1.0,13
asp.net-mvc-3,13
axis,13
blade,13
bluetooth-lowenergy,13
character,13
conver,13
cross-domain,13
css-transitions,13
deep-learnin,13
django-admin,13
ews,13
exception-handlin,13
exe,13
fetch,13
focus,13
fork,13
format,13
google-calendar,13
google-chrome-devtools,13
ibeacon,13
inser,13
internationalization,13
ios8,13
istview,13
itex,13
java.util.scanner,13
jsoup,13
junit4,13
jw,13
k-means,13
linear-regression,13
localhost,13
logback,13
mapbox,13
materializecss,13
max,13
metadata,13
mod-wsgi,13
mvvmcross,13
network-programming,13
nsdate,13
nsuserdefaults,13
odoo-9,13
oogle-api,13
oops,13
open-source,13
opencar,13
openshift,13
osgi,13
paymen,13
pca,13
powershell-v2.0,13
primary-key,13
pthreads,13
repository,13
reques,13
slick,13
sql-server-2005,13
ssrs-2012,13
swagger-ui,13
textview,13
tinymce,13
tls1.2,13
tortoisesvn,13
touch,13
tweepy,13
twitter-fabric,13
ubuntu-16.04,13
uitabbarcontroller,13
unique,13
ur,13
version-contro,13
virtualenv,13
webpage,13
workflow,13
xpages,13
accessibility,12
an,12
angular-cli,12
angularjs-ng-repea,12
apache2,12
async-await,12
background-image,12
boos,12
bundle,12
c++-cli,12
c-preprocessor,12
ca,12
cdn,12
code-coverage,12
comparison,12
core-graphics,12
cq5,12
custom-post-type,12
dataset,12
directx,12
editor,12
embedded-linux,12
esp8266,12
facebook-messenger,12
firebase-analytics,12
forma,12
generator,12
gi,12
gis,12
gmai,12
godaddy,12
guzzle,12
hosting,12
href,12
httprequest,12
image-uploading,12
inline,12
instance,12
jinja2,12
julia-lang,12
juni,12
kafka-consumer-api,12
kibana-4,12
leaflet,12
less,12
locale,12
mdx,12
mean,12
media,12
microsoft-cognitive,12
mongoid,12
mouse,12
navbar,12
netbeans-8,12
netsuite,12
nsurlsession,12
obfuscation,12
oledb,12
oogle-spreadshee,12
oogle-spreadsheet,12
open,12
parallel-processin,12
parameter-passin,12
parque,12
permutation,12
php-7,12
pivo,12
postgis,12
postgresql-9.4,12
publish,12
rcpp,12
rdlc,12
reactive-programming,12
recycler-adapter,12
registration,12
repor,12
robotframework,12
roslyn,12
scale,12
service-worker,12
settings,12
sftp,12
sinon,12
std,12
swift-protocols,12
swifty-json,12
tableau,12
testng,12
tvos,12
twi,12
uiimage,12
unity-container,12
upgrade,12
uuid,12
vuejs,12
webpack-dev-server,12
wmi,12
word-vba,12
wso2esb,12
wxpython,12
xmlhttprequest,12
youtube-data-api,12
2d,11
amazon-redshif,11
android-adapter,11
android-bitmap,11
android-manifest,11
android-support-library,11
android-wear,11
angular2-forms,11
asp.net-mvc6,11
aw,11
aws-api-gateway,11
azure-webjobs,11
boto3,11
boxplo,11
cdi,11
cha,11
chat,11
cl,11
clien,11
codeblocks,11
coffeescript,11
conv-neural-network,11
css-position,11
dap,11
database-migration,11
datase,11
datasource,11
datastax-enterprise,11
dialog,11
directive,11
ef-migrations,11
entity,11
field,11
file-permissions,11
floating-action-button,11
font-awesome,11
fragmen,11
functional-programmin,11
game-physics,11
genymotion,11
google-plus,11
gw,11
gwt,11
hashtable,11
html-agility-pack,11
html-email,11
ibm-mobilefirs,11
inner-join,11
interop,11
ios9.3,11
iptables,11
itext,11
itunesconnec,11
jacoco,11
jobs,11
karma-runner,11
language-lawyer,11
large-data,11
latex,11
load-balancing,11
log4j2,11
mailchimp,11
mailgun,11
material-ui,11
meanjs,11
mesos,11
mobile-application,11
mockin,11
mode,11
mouseevent,11
move,11
ms-access-2013,11
multiple-columns,11
nan,11
nasm,11
netty,11
ngcordova,11
nvidia,11
oauth2,11
office365api,11
ogstash,11
opencart2.x,11
packages,11
pentaho,11
powershell-v4.0,11
printf,11
psycopg2,11
qgis,11
quickblox,11
rows,11
searchview,11
segmentation-fau,11
select2,11
sequence,11
shinyapps,11
sip,11
sql-inser,11
sql-order-by,11
stata,11
state,11
struc,11
swt,11
task-parallel-library,11
telegram-bo,11
text-files,11
textures,11
timeout,11
tk,11
translation,11
uml,11
underscore.js,11
urllib,11
vpn,11
war,11
weka,11
windows-installer,11
windows-store-apps,11
witter,11
x509certificate,11
xslt-1.0,11
android-cardview,10
android-glide,10
android-view,10
angular2-components,10
angular2-services,10
angularjs-filter,10
aravel-5.2,10
arcgis,10
associative-array,10
azure-virtual-machine,10
backendless,10
bar-char,10
big-o,10
bioinformatics,10
bit-manipulation,10
bluebird,10
bokeh,10
capistrano,10
cashapelayer,10
categories,10
centos6,10
click,10
client-server,10
cloudfoundry,10
computer-science,10
conditiona,10
crontab,10
crud,10
custom-wordpress-pages,10
devops,10
dialo,10
directx-11,10
django-queryse,10
docker-machine,10
drawing,10
encodin,10
event-handling,10
expandablelistview,10
export,10
firemonkey,10
flink-streamin,10
geojson,10
gnu-make,10
google-compute-engine,10
gorm,10
groupin,10
hide,10
http-post,10
http-proxy,10
httpurlconnection,10
identityserver3,10
imacros,10
imap,10
include,10
inq,10
integration,10
interceptor,10
interpolation,10
io-redirection,10
ios-simulator,10
javascript-objects,10
jbutton,10
joomla3.0,10
json.net,10
jwt,10
legend,10
linkedin-api,10
linq-to-entities,10
linq-to-sq,10
linux-device-driver,10
lockin,10
loggin,10
machine-learnin,10
mamp,10
mappin,10
mathematical-optimization,10
mips,10
moq,10
multi-index,10
multilanguage,10
music,10
mysql-python,10
nagios,10
netlogo,10
npm-insta,10
nsarray,10
nsdateformatter,10
nsmutablearray,10
nuge,10
okhttp3,10
oogle-apps-scrip,10
oogle-drive-sdk,10
operators,10
outpu,10
paramiko,10
parent-child,10
pass-by-reference,10
paypal-rest-sdk,10
permalinks,10
pivot,10
plesk,10
postman,10
prepared-statemen,10
products,10
projec,10
prolog,10
python-multiprocessin,10
qr-code,10
raph,10
relational-database,10
release,10
replication,10
router,10
rpm,10
rss,10
rtsp,10
saml-2.0,10
sceneki,10
scrollview,10
shared-memory,10
simulation,10
size,10
spark-streaming,10
speech-recognition,10
sql-server-2016,10
ssms,10
stack-overflow,10
static-libraries,10
stm32,10
stripe-payments,10
structure,10
styles,10
systemjs,10
temp-tables,10
tidyr,10
titanium,10
uialertcontroller,10
uilabe,10
uipageviewcontroller,10
uitextview,10
undefined,10
uri,10
url-redirection,10
velocity,10
vimeo,10
visual-studio-extensions,10
vlc,10
web-deployment,10
webhooks,10
where,10
wikipedia,10
wildcard,10
windows-10-mobile,10
windows-7-x64,10
windows-8.1,10
wkhtmltopdf,10
wso2carbon,10
wso2is,10
yeoman,10
zeromq,10
zsh,10
zurb-foundation,10
